<?xml version="1.0" encoding="UTF-8"?>
<!DOCTYPE mapper PUBLIC "-//mybatis.org//DTD Mapper 3.0//EN" "http://mybatis.org/dtd/mybatis-3-mapper.dtd">
<mapper namespace="com.rose.mapper.TbSysUserLogMapper">
  <resultMap id="BaseResultMap" type="com.rose.data.entity.TbSysUserLog">
    <!--
      WARNING - @mbg.generated
    -->
    <id column="id" jdbcType="BIGINT" property="id" />
    <result column="create_date" jdbcType="TIMESTAMP" property="createDate" />
    <result column="last_modified" jdbcType="TIMESTAMP" property="lastModified" />
    <result column="ip" jdbcType="VARCHAR" property="ip" />
    <result column="url" jdbcType="VARCHAR" property="url" />
    <result column="user_id" jdbcType="BIGINT" property="userId" />
    <result column="args" jdbcType="LONGVARCHAR" property="args" />
    <result column="ret" jdbcType="LONGVARCHAR" property="ret" />
  </resultMap>
</mapper>