<?xml version="1.0" encoding="UTF-8"?>
<!DOCTYPE mapper PUBLIC "-//mybatis.org//DTD Mapper 3.0//EN" "http://mybatis.org/dtd/mybatis-3-mapper.dtd">
<mapper namespace="com.rose.mapper.TbSysUserMapper">
  <resultMap id="BaseResultMap" type="com.rose.data.entity.TbSysUser">
    <!--
      WARNING - @mbg.generated
    -->
    <id column="id" jdbcType="BIGINT" property="id" />
    <result column="create_date" jdbcType="TIMESTAMP" property="createDate" />
    <result column="last_modified" jdbcType="TIMESTAMP" property="lastModified" />
    <result column="role_group_id" jdbcType="INTEGER" property="roleGroupId" />
    <result column="uname" jdbcType="VARCHAR" property="uname" />
    <result column="upwd" jdbcType="VARCHAR" property="upwd" />
    <result column="user_state" jdbcType="INTEGER" property="userState" />
  </resultMap>

  <select id="listByUnameAndPwd" resultMap="BaseResultMap">
    select * from tb_sys_user where uname = #{uname} and upwd = #{upwd}
  </select>
</mapper>