<?xml version="1.0" encoding="UTF-8"?>

<!-- Logback configuration. See http://logback.qos.ch/manual/index.html -->
<configuration>
  <appender name="STDOUT" class="ch.qos.logback.core.ConsoleAppender">
    <encoder>
      <pattern>[ %-5level] [%date{yyyy-MM-dd HH:mm:ss}] %logger{96} [%line] - %msg%n</pattern>
    </encoder>
  </appender>

  <appender name="FILE" class="ch.qos.logback.core.rolling.RollingFileAppender">
    <!-- encoder defaults to ch.qos.logback.classic.encoder.PatternLayoutEncoder -->
    <encoder>
      <pattern>
        [ %-5level] [%date{yyyy-MM-dd HH:mm:ss}] %logger{96} [%line] - %msg%n
      </pattern>
      <charset>UTF-8</charset>
    </encoder>
    <rollingPolicy class="ch.qos.logback.core.rolling.TimeBasedRollingPolicy">
      <fileNamePattern>logs/mylog-%d{yyyy-MM-dd}.%i.log</fileNamePattern>
      <timeBasedFileNamingAndTriggeringPolicy class="ch.qos.logback.core.rolling.SizeAndTimeBasedFNATP">
        <maxFileSize>5 MB</maxFileSize>
      </timeBasedFileNamingAndTriggeringPolicy>
    </rollingPolicy>
    <prudent>true</prudent>
  </appender>

  <root level="INFO">
    <appender-ref ref="FILE" />
    <appender-ref ref="STDOUT" />
  </root>

</configuration>